Page URL,Link URL,Anchor Text,Discovered
https://certificacaoiso.com.br/5-maneiras-de-melhorar-a-comunicacao-entre-coordenadorias-e-gerencias/,https://templum.com.br/iso-9001/?utm_source=blog&utm_medium=banner-Certificação ISO e Gestão da Qualidade,Clique aqui,23 Jun 2026 (16:45 UTC)
https://certificacaoiso.com.br/como-estabelecer-indicadores-de-desempenho/,https://templum.com.br/iso-9001/?utm_source=blog&utm_medium=banner-Certificação ISO e Gestão da Qualidade,Clique aqui,23 Jun 2026 (16:45 UTC)
https://certificacaoiso.com.br/como-fazer-campanhas-de-comunicacao-para-o-engajamento-dos-colaboradores/,https://templum.com.br/iso-9001/?utm_source=blog&utm_medium=banner-Certificação ISO e Gestão da Qualidade,Clique aqui,23 Jun 2026 (16:45 UTC)
https://certificacaoiso.com.br/como-fazer-uma-analise-critica-da-sua-empresa/,https://templum.com.br/iso-9001/?utm_source=blog&utm_medium=banner-Certificação ISO e Gestão da Qualidade,Clique aqui,23 Jun 2026 (16:45 UTC)
https://certificacaoiso.com.br/como-se-diferenciar-da-concorrencia-com-a-iso-9001/,https://templum.com.br/iso-9001/?utm_source=blog&utm_medium=banner-Certificação ISO e Gestão da Qualidade,Clique aqui,23 Jun 2026 (16:45 UTC)
https://certificacaoiso.com.br/esclarecendo-alguns-mitos-sobre-iso-9001/,https://templum.com.br/consultoria-iso9001/,Clique aqui,23 Jun 2026 (16:45 UTC)
https://certificacaoiso.com.br/gestao-com-clareza/,https://templum.com.br/iso-9001/,clique aqui,23 Jun 2026 (16:45 UTC)
https://certificacaoiso.com.br/gestao-de-pessoas-dicas-para-aumentar-o-envolvimento-de-toda-sua-equipe-de-trabalho/,https://templum.com.br/iso-9001/?utm_source=blog&utm_medium=banner-Certificação ISO e Gestão da Qualidade,Clique aqui,23 Jun 2026 (16:45 UTC)
https://certificacaoiso.com.br/guia-de-implementacao-requisitos-iso-9001/,https://templum.com.br/iso-9001/?utm_source=blog&utm_medium=banner-Certificação ISO e Gestão da Qualidade,Clique aqui,23 Jun 2026 (16:45 UTC)
https://certificacaoiso.com.br/inseguranca-alimentar-o-caso-habib-s/,https://templum.com.br/consultoria-seguranca-alimentos/,Clique aqui,23 Jun 2026 (16:45 UTC)
https://certificacaoiso.com.br/iso-9001-requisitos-5-1-lideranca-e-comprometimento/,https://templum.com.br/iso-9001/,Clique aqui,23 Jun 2026 (16:45 UTC)
https://certificacaoiso.com.br/iso-9001-requisitos-5-3-papeis-responsabilidades-e-autoridades-organizacionais/,https://templum.com.br/iso-9001/,Clique aqui,23 Jun 2026 (16:45 UTC)
https://certificacaoiso.com.br/iso-9001-requisitos-5-3-papeis-responsabilidades-e-autoridades-organizacionais/,https://certificacaoiso.com.br/como-mapear-processos-e-atender-os-requisitos-da-iso-90012015-utilizando-tartaruga-turbinada-da-templum/,clique aqui,23 Jun 2026 (16:45 UTC)
https://certificacaoiso.com.br/iso-9001-requisitos-7-2-competencia/,https://certificacaoiso.com.br/analise-de-eficacia-quando-fazer/,clique aqui.,23 Jun 2026 (16:45 UTC)
https://certificacaoiso.com.br/iso-9001-requisitos-7-2-competencia/,https://templum.com.br/iso-9001/,Clique aqui,23 Jun 2026 (16:45 UTC)
https://certificacaoiso.com.br/iso-9001-saiba-como-o-diagnostico-empresarial-pode-ajudar-sua-empresa/,https://templum.com.br/iso-9001/,Clique aqui,23 Jun 2026 (16:45 UTC)
https://certificacaoiso.com.br/iso-90012015-perguntas-e-respostas-sobre-transicao/,https://templum.com.br/iso-9001/?utm_source=blog&utm_medium=banner-Certificação ISO e Gestão da Qualidade,Clique aqui,23 Jun 2026 (16:45 UTC)
https://certificacaoiso.com.br/iso-90012015-principios-da-qualidade/,https://templum.com.br/iso-9001/?utm_source=blog&utm_medium=banner-Certificação ISO e Gestão da Qualidade,Clique aqui,23 Jun 2026 (16:45 UTC)
https://certificacaoiso.com.br/iso-90012015-requisito-4-1-contexto-da-organizacao/,https://templum.com.br/iso-9001/?utm_source=blog&utm_medium=banner-Certificação ISO e Gestão da Qualidade,Clique aqui,23 Jun 2026 (16:45 UTC)
https://certificacaoiso.com.br/matriz-swot-contabilidade-como-e-por-que-fazer/,https://templum.com.br/planilha-analise-swot/,aqui,23 Jun 2026 (16:45 UTC)
https://certificacaoiso.com.br/nao-faca-sua-proxima-auditoria-antes-de-ler-este-artigo/,https://certificacaoiso.com.br/beneficios-e-desafios-da-avaliacao-remota-de-conformidade/,link,23 Jun 2026 (16:45 UTC)
https://certificacaoiso.com.br/nova-versao-fssc-22000-v4-alteracoes-relevantes-para-sua-empresa/,http://www.fssc22000.com/documents/standards/downloads.xml?lang=en.,clique aqui,23 Jun 2026 (16:45 UTC)
https://certificacaoiso.com.br/o-que-ainda-nao-te-contaram-da-versao-5-da-fssc/,https://www.fssc22000.com/wp-content/uploads/19.0528-FSSC-22000-Scheme-Version-5-PORT.pdf,link,23 Jun 2026 (16:45 UTC)
https://certificacaoiso.com.br/o-que-e-seguranca-dos-alimentos/,https://templum.com.br/diagnostico-seguranca-alimentos/?utm_source=blog&utm_medium=banner&utm_campaign=o_que_e_seguranca_dos_alimentos,Clique aqui,23 Jun 2026 (16:45 UTC)
https://certificacaoiso.com.br/o-que-uma-pequena-empresa-precisa-para-conseguir-a-certificacao-iso-9001/,https://templum.com.br/iso-9001/?utm_source=blog&utm_medium=banner-Certificação ISO e Gestão da Qualidade,Clique aqui,23 Jun 2026 (16:45 UTC)
https://certificacaoiso.com.br/o-sistema-de-gestao-apos-certificacao/,https://templum.com.br/iso-9001/,Clique aqui,23 Jun 2026 (16:45 UTC)
https://certificacaoiso.com.br/os-desafios-da-comunicacao-interna/,https://templum.com.br/iso-9001/?utm_source=blog&utm_medium=banner-Certificação ISO e Gestão da Qualidade,Clique aqui,23 Jun 2026 (16:45 UTC)
https://certificacaoiso.com.br/planejamento-estrategico-empresas-contabeis/,https://templum.com.br/iso-9001-3/,Clique aqui,23 Jun 2026 (16:45 UTC)
https://certificacaoiso.com.br/quais-segmentos-da-cadeia-de-alimentos-podem-se-beneficiar-dos-programas-do-gfsi/,https://templum.com.br//?utm_source=Blog&utm_medium=botao-proposta&_ga=2.159927678.214605903.1593779870-1500136584.1580151921,aqui,23 Jun 2026 (16:45 UTC)
https://certificacaoiso.com.br/requisito-0-3-abordagem-de-processos/,https://templum.com.br/consultoria/iso-9001,Clique aqui,23 Jun 2026 (16:45 UTC)
https://certificacaoiso.com.br/seguranca-dos-alimentos/,https://templum.com.br/consultoria-seguranca-alimentos/,Clique aqui,23 Jun 2026 (16:45 UTC)
https://certificacaoiso.com.br/vantagens-do-global-markets-para-pequenas-industrias/,https://templum.com.br/diagnostico-seguranca-alimentos/?utm_campaign=iso9001&utm_source=Blog&utm_medium=banner-O que é Global Markets Programme?&_ga=2.203542800.101537729.1592784793-1500136584.1580151921,link,23 Jun 2026 (16:45 UTC)
https://www.certificacaoiso.com.br/5-maneiras-de-melhorar-a-comunicacao-entre-coordenadorias-e-gerencias/,https://templum.com.br/iso-9001/?utm_source=blog&utm_medium=banner-Certificação ISO e Gestão da Qualidade,Clique aqui,23 Jun 2026 (16:45 UTC)
https://www.certificacaoiso.com.br/8-tecnicas-que-os-grandes-lideres-usam-para-motivar-pessoas/,https://templum.com.br/iso-9001/?utm_source=blog&utm_medium=banner-Certificação ISO e Gestão da Qualidade,Clique aqui,23 Jun 2026 (16:45 UTC)
https://www.certificacaoiso.com.br/a-importancia-dos-beneficios-na-atracao-e-retencao-de-talentos/,https://www.certificacaoiso.com.br/iso-9001-gestao-de-pessoas/,clique aqui,23 Jun 2026 (16:45 UTC)
https://www.certificacaoiso.com.br/abordagem-por-processos/,https://www.certificacaoiso.com.br/como-mapear-processos-e-atender-os-requisitos-da-iso-90012015-utilizando-tartaruga-turbinada-da-templum/,clique aqui,23 Jun 2026 (16:45 UTC)
https://www.certificacaoiso.com.br/como-a-comunicacao-interna-pode-melhorar-a-produtividade-das-pmes/,https://templum.com.br/iso-9001/?utm_source=blog&utm_medium=banner-Certificação ISO e Gestão da Qualidade,Clique aqui,23 Jun 2026 (16:45 UTC)
https://www.certificacaoiso.com.br/como-a-correta-divulgacao-da-iso-9001-pode-melhorar-os-seus-resultados-na-empresa/,https://templum.com.br/iso-9001/?utm_source=blog&utm_medium=banner-Certificação ISO e Gestão da Qualidade,Clique aqui,23 Jun 2026 (16:45 UTC)
https://www.certificacaoiso.com.br/como-a-iso-9001-em-tempos-de-crise/,https://templum.com.br/iso-9001/?utm_source=blog&utm_medium=banner-Certificação ISO e Gestão da Qualidade,Clique aqui,23 Jun 2026 (16:45 UTC)
https://www.certificacaoiso.com.br/como-as-pmes-podem-usar-a-comunicacao-interna-para-reter-talentos/,https://templum.com.br/iso-9001/?utm_source=blog&utm_medium=banner-Certificação ISO e Gestão da Qualidade,Clique aqui,23 Jun 2026 (16:45 UTC)
https://www.certificacaoiso.com.br/como-as-pmes-podem-usar-a-comunicacao-para-diminuir-impactos-das-mudancas/,https://templum.com.br/iso-9001/?utm_source=blog&utm_medium=banner-Certificação ISO e Gestão da Qualidade,Clique aqui,23 Jun 2026 (16:45 UTC)
https://www.certificacaoiso.com.br/como-criar-processos-solidos-para-recrutar-capacitar-e-motivar-sua-equipe/,https://templum.com.br/iso-9001/?utm_source=blog&utm_medium=banner-Certificação ISO e Gestão da Qualidade,Clique aqui,23 Jun 2026 (16:45 UTC)
https://www.certificacaoiso.com.br/como-elaborar-relatorios-gerenciais/,https://templum.com.br/iso-9001/?utm_source=blog&utm_medium=banner-Certificação ISO e Gestão da Qualidade,Clique aqui,23 Jun 2026 (16:45 UTC)
https://www.certificacaoiso.com.br/como-estabelecer-indicadores-de-desempenho/,https://templum.com.br/iso-9001/?utm_source=blog&utm_medium=banner-Certificação ISO e Gestão da Qualidade,Clique aqui,23 Jun 2026 (16:45 UTC)
https://www.certificacaoiso.com.br/como-estabelecer-metas-para-indicadores/,https://www.certificacaoiso.com.br/indicadores-de-desempenho-uma-analise-pratica-dessa-ferramenta/,clique aqui.,23 Jun 2026 (16:45 UTC)
https://www.certificacaoiso.com.br/como-fazer-campanhas-de-comunicacao-para-o-engajamento-dos-colaboradores/,https://templum.com.br/iso-9001/?utm_source=blog&utm_medium=banner-Certificação ISO e Gestão da Qualidade,Clique aqui,23 Jun 2026 (16:45 UTC)
https://www.certificacaoiso.com.br/como-fazer-uma-analise-critica-da-sua-empresa/,https://templum.com.br/iso-9001/?utm_source=blog&utm_medium=banner-Certificação ISO e Gestão da Qualidade,Clique aqui,23 Jun 2026 (16:45 UTC)
https://www.certificacaoiso.com.br/como-se-diferenciar-da-concorrencia-com-a-iso-9001/,https://templum.com.br/iso-9001/?utm_source=blog&utm_medium=banner-Certificação ISO e Gestão da Qualidade,Clique aqui,23 Jun 2026 (16:45 UTC)
https://www.certificacaoiso.com.br/e-manutencao-preditiva-2/,http://templum.com.br/iso-9001-consultoria-completa,clique aqui,23 Jun 2026 (16:45 UTC)
https://www.certificacaoiso.com.br/esclarecendo-alguns-mitos-sobre-iso-9001/,https://templum.com.br/consultoria-iso9001/,Clique aqui,23 Jun 2026 (16:45 UTC)
https://www.certificacaoiso.com.br/estrategia-em-processos-entenda-como-traduzir/,https://templum.com.br/iso-9001/?utm_source=blog&utm_medium=banner-Certificação ISO e Gestão da Qualidade,Clique aqui,23 Jun 2026 (16:45 UTC)
https://www.certificacaoiso.com.br/gestao-com-clareza/,https://templum.com.br/iso-9001/,clique aqui,23 Jun 2026 (16:45 UTC)
https://www.certificacaoiso.com.br/gestao-de-mudancas-na-empresa-como-fazer/,https://templum.com.br/iso-9001/?utm_source=blog&utm_medium=banner-Certificação ISO e Gestão da Qualidade,Clique aqui,23 Jun 2026 (16:45 UTC)
https://www.certificacaoiso.com.br/gestao-de-mudancas-parte-1/,https://templum.com.br/iso-9001/?utm_source=blog&utm_medium=banner-Certificação ISO e Gestão da Qualidade,Clique aqui,23 Jun 2026 (16:45 UTC)
https://www.certificacaoiso.com.br/gestao-de-mudancas-parte-3/,https://templum.com.br/iso-9001/?utm_source=blog&utm_medium=banner-Certificação ISO e Gestão da Qualidade,Clique aqui,23 Jun 2026 (16:45 UTC)
https://www.certificacaoiso.com.br/gestao-de-mudancas-parte-4/,https://templum.com.br/iso-9001/?utm_source=blog&utm_medium=banner-Certificação ISO e Gestão da Qualidade,Clique aqui,23 Jun 2026 (16:45 UTC)
https://www.certificacaoiso.com.br/gestao-de-pessoas-dicas-para-aumentar-o-envolvimento-de-toda-sua-equipe-de-trabalho/,https://templum.com.br/iso-9001/?utm_source=blog&utm_medium=banner-Certificação ISO e Gestão da Qualidade,Clique aqui,23 Jun 2026 (16:45 UTC)
https://www.certificacaoiso.com.br/guia-de-implementacao-requisitos-iso-9001/,https://templum.com.br/iso-9001/?utm_source=blog&utm_medium=banner-Certificação ISO e Gestão da Qualidade,Clique aqui,23 Jun 2026 (16:45 UTC)
https://www.certificacaoiso.com.br/iso-9001-comecar-agora-ou-deixar-para-2016/,https://templum.com.br/iso-9001/?utm_source=blog&utm_medium=banner-Certificação ISO e Gestão da Qualidade,Clique aqui,23 Jun 2026 (16:45 UTC)
https://www.certificacaoiso.com.br/iso-9001-contexto-da-organizacao/,https://www.certificacaoiso.com.br/pack-gestao/,clique aqui.,23 Jun 2026 (16:45 UTC)
https://www.certificacaoiso.com.br/iso-9001-em-orgaos-publicos/,https://templum.com.br/iso-9001/?utm_source=blog&utm_medium=banner-Certificação ISO e Gestão da Qualidade,Clique aqui,23 Jun 2026 (16:45 UTC)
https://www.certificacaoiso.com.br/iso-9001-para-planejar-as-acoes-de-sua-empresa/,https://templum.com.br/iso-9001/?utm_source=blog&utm_medium=banner-Certificação ISO e Gestão da Qualidade,Clique aqui,23 Jun 2026 (16:45 UTC)
https://www.certificacaoiso.com.br/iso-9001-requisitos-5-1-lideranca-e-comprometimento/,https://templum.com.br/iso-9001/,Clique aqui,23 Jun 2026 (16:45 UTC)
https://www.certificacaoiso.com.br/iso-9001-requisitos-5-3-papeis-responsabilidades-e-autoridades-organizacionais/,https://templum.com.br/iso-9001/,Clique aqui,23 Jun 2026 (16:45 UTC)
https://www.certificacaoiso.com.br/iso-9001-requisitos-5-3-papeis-responsabilidades-e-autoridades-organizacionais/,https://www.certificacaoiso.com.br/como-mapear-processos-e-atender-os-requisitos-da-iso-90012015-utilizando-tartaruga-turbinada-da-templum/,clique aqui,23 Jun 2026 (16:45 UTC)
https://www.certificacaoiso.com.br/iso-9001-requisitos-6-1-acoes-para-abordar-riscos-e-oportunidades/,https://www.certificacaoiso.com.br/como-usar-a-planilha-5w2h/,clique aqui,23 Jun 2026 (16:45 UTC)
https://www.certificacaoiso.com.br/iso-9001-requisitos-6-1-acoes-para-abordar-riscos-e-oportunidades/,https://www.certificacaoiso.com.br/ferramentas-para-gestao-de-riscos-em-uma-empresa/,clique aqui,23 Jun 2026 (16:45 UTC)
https://www.certificacaoiso.com.br/iso-9001-requisitos-6-3-planejamento-de-mudancas/,https://templum.com.br/iso-9001/,Clique aqui,23 Jun 2026 (16:45 UTC)
https://www.certificacaoiso.com.br/iso-9001-requisitos-7-2-competencia/,https://templum.com.br/iso-9001/,Clique aqui,23 Jun 2026 (16:45 UTC)
https://www.certificacaoiso.com.br/iso-9001-requisitos-7-2-competencia/,https://www.certificacaoiso.com.br/analise-de-eficacia-quando-fazer/,clique aqui.,23 Jun 2026 (16:45 UTC)
https://www.certificacaoiso.com.br/iso-9001-saiba-como-o-diagnostico-empresarial-pode-ajudar-sua-empresa/,https://templum.com.br/iso-9001/,Clique aqui,23 Jun 2026 (16:45 UTC)
https://www.certificacaoiso.com.br/iso-90012015-perguntas-e-respostas-sobre-transicao/,https://templum.com.br/iso-9001/?utm_source=blog&utm_medium=banner-Certificação ISO e Gestão da Qualidade,Clique aqui,23 Jun 2026 (16:45 UTC)
https://www.certificacaoiso.com.br/iso-90012015-principios-da-qualidade/,https://templum.com.br/iso-9001/?utm_source=blog&utm_medium=banner-Certificação ISO e Gestão da Qualidade,Clique aqui,23 Jun 2026 (16:45 UTC)
https://www.certificacaoiso.com.br/iso-90012015-requisito-4-1-contexto-da-organizacao/,https://templum.com.br/iso-9001/?utm_source=blog&utm_medium=banner-Certificação ISO e Gestão da Qualidade,Clique aqui,23 Jun 2026 (16:45 UTC)
https://www.certificacaoiso.com.br/iso-90012015-requisito-4-2/,https://templum.com.br/iso-9001/?utm_source=blog&utm_medium=banner-Certificação ISO e Gestão da Qualidade,Clique aqui,23 Jun 2026 (16:45 UTC)
https://www.certificacaoiso.com.br/matriz-swot-contabilidade-como-e-por-que-fazer/,https://templum.com.br/planilha-analise-swot/,aqui,23 Jun 2026 (16:45 UTC)
https://www.certificacaoiso.com.br/nao-faca-sua-proxima-auditoria-antes-de-ler-este-artigo/,https://www.certificacaoiso.com.br/beneficios-e-desafios-da-avaliacao-remota-de-conformidade/,link,23 Jun 2026 (16:45 UTC)
https://www.certificacaoiso.com.br/o-que-todo-pequeno-empresario-deve-saber-melhorar-seus-negocios/,https://templum.com.br/iso-9001/?utm_source=blog&utm_medium=banner-Certificação ISO e Gestão da Qualidade,Clique aqui,23 Jun 2026 (16:45 UTC)
https://www.certificacaoiso.com.br/o-que-uma-pequena-empresa-precisa-para-conseguir-a-certificacao-iso-9001/,https://templum.com.br/iso-9001/?utm_source=blog&utm_medium=banner-Certificação ISO e Gestão da Qualidade,Clique aqui,23 Jun 2026 (16:45 UTC)
https://www.certificacaoiso.com.br/o-sistema-de-gestao-apos-certificacao/,https://templum.com.br/iso-9001/,Clique aqui,23 Jun 2026 (16:45 UTC)
https://www.certificacaoiso.com.br/os-desafios-da-comunicacao-interna/,https://templum.com.br/iso-9001/?utm_source=blog&utm_medium=banner-Certificação ISO e Gestão da Qualidade,Clique aqui,23 Jun 2026 (16:45 UTC)
https://www.certificacaoiso.com.br/planejamento-estrategico-empresas-contabeis/,https://templum.com.br/iso-9001-3/,Clique aqui,23 Jun 2026 (16:45 UTC)
https://www.certificacaoiso.com.br/pqta-2020/,https://templum.com.br/consultoria-pqta/,Clique aqui,23 Jun 2026 (16:45 UTC)
https://www.certificacaoiso.com.br/procedimentos-obrigatorios-2/,https://templum.com.br/consultoria-iso9001/,Clique aqui,23 Jun 2026 (16:45 UTC)
https://www.certificacaoiso.com.br/programa-5s-vantagens-e-desvantagens/,https://templum.com.br/iso-9001/?utm_source=blog&utm_medium=banner-Certificação ISO e Gestão da Qualidade,Clique aqui,23 Jun 2026 (16:45 UTC)
https://www.certificacaoiso.com.br/programas-5s-e-8s-diferencas-e-aplicacoes/,https://templum.com.br/consultoria-iso9001/,Clique aqui,23 Jun 2026 (16:45 UTC)
https://www.certificacaoiso.com.br/qual-a-melhor-forma-de-implementacao-iso-9001/,https://templum.com.br/iso-9001/,Clique aqui,23 Jun 2026 (16:45 UTC)
https://www.certificacaoiso.com.br/quanto-custa-iso-9001/,https://templum.com.br/iso-9001/,Clique aqui,23 Jun 2026 (16:45 UTC)
https://www.certificacaoiso.com.br/relacao-entre-5s-sistema-de-gestao-da-qualidade/,https://templum.com.br/consultoria-iso9001/,Clique aqui,23 Jun 2026 (16:45 UTC)
https://www.certificacaoiso.com.br/requisito-0-3-abordagem-de-processos/,https://templum.com.br/consultoria/iso-9001,Clique aqui,23 Jun 2026 (16:45 UTC)
https://www.certificacaoiso.com.br/requisito-7-4-comunicacao/,https://templum.com.br/iso-9001/,Clique aqui,23 Jun 2026 (16:45 UTC)
https://www.certificacaoiso.com.br/seguranca-e-saude-ocupacional-e-meio-ambiente-o-papel-das-legislacoes-na-certificacao-sassmaq/,https://templum.com.br/sassmaq-consultoria-completa/,Clique aqui,23 Jun 2026 (16:45 UTC)
https://www.certificacaoiso.com.br/serie-empreendedor-de-sucesso-caracteristica-numero-1-do-campeao/,https://youtu.be/0FEIRTEHAms?list=PLvbxHxJEKtAdfI4B_8VesGDagrVnCd32H,clique aqui,23 Jun 2026 (16:45 UTC)
https://www.certificacaoiso.com.br/sgi-na-industria-quimica-gestao-completa-e-menos-riscos/,https://templum.com.br/sgi-consultoria-completa/,Clique aqui,23 Jun 2026 (16:45 UTC)
